{
  "camera_system": "Stereo",
  "fps": 820,
  "baseline_mm": 470.0,
  "positions_3d": [
    [
      535.3913043478261,
      -1642.9565217391307,
      4904.347826086957
    ],
    [
      541.2921348314608,
      -1095.7865168539327,
      3168.5393258426966
    ],
    [
      116.93236714975845,
      -538.1159420289856,
      1362.3188405797102
    ]
  ],
  "timestamps": [
    0.007317073170731707,
    0.00853658536585366,
    0.00975609756097561
  ],
  "frame_numbers": [
    6,
    7,
    8
  ],
  "velocity": [
    -171568.16425120775,
    452984.63768115954,
    -1452231.8840579712
  ],
  "speed_mm_s": 1530884.7644529701,
  "speed_m_s": 1530.88476445297,
  "launch_angle": 17.21134999650604,
  "direction_angle": -96.73775104100955
}