coordinate_system,disparity_type,vertical_axis,apply_scale_factor,speed_m_s,launch_angle,direction_angle,speed_error_percent,launch_angle_error,direction_angle_error,total_error
Standard X-Forward Y-Up Z-Right,x,y,False,2478.3942978118826,75.74861658366382,90.63143715123424,3969.612968492418,66.44861658366382,90.23143715123423,4126.293022227316
Standard X-Forward Y-Up Z-Right (Scale),x,y,True,3254.8436649794635,47.562549988746525,90.17540576206908,5244.570878455605,38.26254998874653,89.77540576206907,5372.60883420642
X-Forward Y-Right Z-Up,x,z,False,2478.3942978118826,75.74861658366382,90.63143715123424,3969.612968492418,66.44861658366382,90.23143715123423,4126.293022227316
X-Forward Y-Right Z-Up (Scale),x,z,True,3254.8436649794635,47.562549988746525,90.17540576206908,5244.570878455605,38.26254998874653,89.77540576206907,5372.60883420642
