{
  "camera_matrix_1": [
    [
      800.0,
      0.0,
      720.0
    ],
    [
      0.0,
      800.0,
      540.0
    ],
    [
      0.0,
      0.0,
      1.0
    ]
  ],
  "distortion_coeffs_1": [
    0.0,
    0.0,
    0.0,
    0.0,
    0.0
  ],
  "camera_matrix_2": [
    [
      800.0,
      0.0,
      720.0
    ],
    [
      0.0,
      800.0,
      540.0
    ],
    [
      0.0,
      0.0,
      1.0
    ]
  ],
  "distortion_coeffs_2": [
    0.0,
    0.0,
    0.0,
    0.0,
    0.0
  ],
  "rotation_matrix": [
    [
      1.0,
      0.0,
      0.0
    ],
    [
      0.0,
      1.0,
      0.0
    ],
    [
      0.0,
      0.0,
      1.0
    ]
  ],
  "translation_vector": [
    0.0,
    470.0,
    0.0
  ],
  "rectification_rotation_1": [
    [
      1.0,
      0.0,
      0.0
    ],
    [
      0.0,
      1.0,
      0.0
    ],
    [
      0.0,
      0.0,
      1.0
    ]
  ],
  "rectification_rotation_2": [
    [
      1.0,
      0.0,
      0.0
    ],
    [
      0.0,
      1.0,
      0.0
    ],
    [
      0.0,
      0.0,
      1.0
    ]
  ],
  "projection_matrix_1": [
    [
      800.0,
      0.0,
      720.0,
      0.0
    ],
    [
      0.0,
      800.0,
      540.0,
      0.0
    ],
    [
      0.0,
      0.0,
      1.0,
      0.0
    ]
  ],
  "projection_matrix_2": [
    [
      800.0,
      0.0,
      720.0,
      0.0
    ],
    [
      0.0,
      800.0,
      540.0,
      376000.0
    ],
    [
      0.0,
      0.0,
      1.0,
      0.0
    ]
  ],
  "disparity_to_depth_matrix": [
    [
      1.0,
      0.0,
      0.0,
      -720.0
    ],
    [
      0.0,
      1.0,
      0.0,
      -540.0
    ],
    [
      0.0,
      0.0,
      0.0,
      800.0
    ],
    [
      0.0,
      0.0,
      -0.002127659574468085,
      0.0
    ]
  ],
  "roi_1": [
    0,
    0,
    1439,
    1079
  ],
  "roi_2": [
    0,
    0,
    1439,
    1079
  ],
  "baseline_pixels": 470.0,
  "baseline_mm": 470.0,
  "pixel_to_mm_ratio": 1.0,
  "reprojection_error": 0.0,
  "image_size": [
    1440,
    1080
  ],
  "calibration_date": "2025-10-28T13:49:41.823378",
  "calibration_method": "improved_manual_470mm",
  "notes": "Improved manual calibration for 470mm baseline vertical stereo setup"
}