{
  "camera1": {
    "K": [
      [
        1038.3344996921485,
        0.0,
        704.0888461873773
      ],
      [
        0.0,
        1038.1728099807249,
        571.2856055367101
      ],
      [
        0.0,
        0.0,
        1.0
      ]
    ],
    "D": [
      [
        41.032289898399945,
        69.25683796286607,
        0.0011142814893285709,
        0.000683023320244722,
        142.41390338547413,
        41.278084772017,
        74.1459552920093,
        153.6245037817332,
        0.0,
        0.0,
        0.0,
        0.0,
        0.0,
        0.0
      ]
    ],
    "image_size": [
      1440,
      1080
    ],
    "rms_error": 0.17072601800466897,
    "num_images": 10
  },
  "camera2": {
    "K": [
      [
        1027.7342983274514,
        0.0,
        691.1721892454705
      ],
      [
        0.0,
        1027.1962420218397,
        575.8558758761511
      ],
      [
        0.0,
        0.0,
        1.0
      ]
    ],
    "D": [
      [
        6.150183638025146,
        -0.8505444463213863,
        0.00046387455090038946,
        9.090454208028495e-05,
        3.2514737772935747,
        6.316516295579079,
        -0.25566258551493626,
        3.067769720832173,
        0.0,
        0.0,
        0.0,
        0.0,
        0.0,
        0.0
      ]
    ],
    "image_size": [
      1440,
      1080
    ],
    "rms_error": 0.1943768461563423,
    "num_images": 12
  },
  "note": "Stereo calibration failed - not enough common images"
}