{
  "camera_matrix_1": [
    [
      1440.0,
      0.0,
      720.0
    ],
    [
      0.0,
      1440.0,
      150.0
    ],
    [
      0.0,
      0.0,
      1.0
    ]
  ],
  "distortion_coeffs_1": [
    0.0,
    0.0,
    0.0,
    0.0,
    0.0
  ],
  "camera_matrix_2": [
    [
      1440.0,
      0.0,
      720.0
    ],
    [
      0.0,
      1440.0,
      150.0
    ],
    [
      0.0,
      0.0,
      1.0
    ]
  ],
  "distortion_coeffs_2": [
    0.0,
    0.0,
    0.0,
    0.0,
    0.0
  ],
  "rotation_matrix": [
    [
      1.0,
      0.0,
      0.0
    ],
    [
      0.0,
      1.0,
      0.0
    ],
    [
      0.0,
      0.0,
      1.0
    ]
  ],
  "translation_vector": [
    247.0,
    400.0,
    0.0
  ],
  "essential_matrix": [
    [
      0.0,
      0.0,
      400.0
    ],
    [
      0.0,
      0.0,
      -247.0
    ],
    [
      -400.0,
      247.0,
      0.0
    ]
  ],
  "fundamental_matrix": [
    [
      0.0,
      0.0,
      0.27777778450399637
    ],
    [
      0.0,
      0.0,
      -0.17152778193121776
    ],
    [
      -0.27777778450399637,
      0.17152778193121776,
      0.0
    ]
  ],
  "baseline": 470.0,
  "calculated_baseline": 470.1159362792969,
  "baseline_error": 0.0,
  "baseline_error_percent": 0.0,
  "focal_length": 1440,
  "image_size": [
    1440,
    300
  ],
  "calibration_method": "manual_mathematical",
  "calibration_date": "2025-10-13T05:57:44.456076",
  "notes": "수학적으로 계산된 베이스라인(470.0mm) 기반 수동 캘리브레이션"
}