{
  "camera_matrix_1": [
    [
      1500.0,
      0.0,
      720.0
    ],
    [
      0.0,
      1500.0,
      540.0
    ],
    [
      0.0,
      0.0,
      1.0
    ]
  ],
  "distortion_coeffs_1": [
    0.0,
    0.0,
    0.0,
    0.0,
    0.0
  ],
  "camera_matrix_2": [
    [
      1500.0,
      0.0,
      720.0
    ],
    [
      0.0,
      1500.0,
      540.0
    ],
    [
      0.0,
      0.0,
      1.0
    ]
  ],
  "distortion_coeffs_2": [
    0.0,
    0.0,
    0.0,
    0.0,
    0.0
  ],
  "rotation_matrix": [
    [
      1.0,
      0.0,
      0.0
    ],
    [
      0.0,
      1.0,
      0.0
    ],
    [
      0.0,
      0.0,
      1.0
    ]
  ],
  "translation_vector": [
    0.0,
    0.0,
    470.0
  ],
  "rectification_rotation_1": [
    [
      1.0,
      0.0,
      0.0
    ],
    [
      0.0,
      6.123233995736766e-17,
      -1.0
    ],
    [
      0.0,
      1.0,
      6.123233995736766e-17
    ]
  ],
  "rectification_rotation_2": [
    [
      1.0,
      0.0,
      0.0
    ],
    [
      0.0,
      6.123233995736766e-17,
      -1.0
    ],
    [
      0.0,
      1.0,
      6.123233995736766e-17
    ]
  ],
  "projection_matrix_1": [
    [
      1500.0,
      0.0,
      719.5013122558594,
      0.0
    ],
    [
      0.0,
      1500.0,
      543.365234375,
      0.0
    ],
    [
      0.0,
      0.0,
      1.0,
      0.0
    ]
  ],
  "projection_matrix_2": [
    [
      1500.0,
      0.0,
      719.5013122558594,
      0.0
    ],
    [
      0.0,
      1500.0,
      543.365234375,
      -705000.0
    ],
    [
      0.0,
      0.0,
      1.0,
      0.0
    ]
  ],
  "disparity_to_depth_matrix": [
    [
      1.0,
      0.0,
      0.0,
      -719.5013122558594
    ],
    [
      0.0,
      1.0,
      0.0,
      -543.365234375
    ],
    [
      0.0,
      0.0,
      0.0,
      1500.0
    ],
    [
      0.0,
      0.0,
      0.002127659574468085,
      -0.0
    ]
  ],
  "roi_1": [
    0,
    0,
    0,
    0
  ],
  "roi_2": [
    0,
    0,
    0,
    0
  ],
  "baseline_pixels": 470.0,
  "baseline_mm": 470.0,
  "pixel_to_mm_ratio": 1.0,
  "reprojection_error": 0.0,
  "image_size": [
    1440,
    1080
  ],
  "calibration_date": "2025-10-28T14:58:13.585399",
  "calibration_method": "vertical_stereo_z_axis",
  "notes": "Vertical stereo calibration with Z-axis baseline (470mm)",
  "coordinate_system": "Y_vertical_Z_depth",
  "essential_matrix": [
    [
      0.0,
      -470.0,
      0.0
    ],
    [
      470.0,
      0.0,
      0.0
    ],
    [
      0.0,
      0.0,
      0.0
    ]
  ],
  "fundamental_matrix": [
    [
      0.0,
      -0.00020888888888888886,
      0.11279999999999998
    ],
    [
      0.00020888888888888886,
      0.0,
      -0.15039999999999998
    ],
    [
      -0.11279999999999998,
      0.15039999999999998,
      -9.734435479913373e-16
    ]
  ],
  "rectification_matrix_1": [
    [
      1.0,
      0.0,
      0.0
    ],
    [
      0.0,
      6.123233995736766e-17,
      -1.0
    ],
    [
      0.0,
      1.0,
      6.123233995736766e-17
    ]
  ],
  "rectification_matrix_2": [
    [
      1.0,
      0.0,
      0.0
    ],
    [
      0.0,
      6.123233995736766e-17,
      -1.0
    ],
    [
      0.0,
      1.0,
      6.123233995736766e-17
    ]
  ],
  "valid_roi_1": [
    0,
    0,
    1440,
    1080
  ],
  "valid_roi_2": [
    0,
    0,
    1440,
    1080
  ],
  "roi_cam1": {
    "XOffset": 0,
    "YOffset": 396,
    "Width": 1440,
    "Height": 300
  },
  "roi_cam2": {
    "XOffset": 0,
    "YOffset": 372,
    "Width": 1440,
    "Height": 300
  },
  "depth_correction": {
    "global": 1.0,
    "cam1_factor": 1.2666666666666666,
    "cam2_factor": 0.7333333333333333,
    "baseline_used": 470.0,
    "focal_length": 1500.0,
    "expected_disparity": 940.0,
    "real_distances": {
      "cam1_to_ball": [
        900,
        1000
      ],
      "cam2_to_ball": [
        500,
        600
      ],
      "baseline": 470
    }
  },
  "focal_length_px": 1500.0,
  "stereo_calibration_error": 0.5,
  "calibration_type": "vertical_stereo",
  "units": "mm",
  "note": "Enhanced calibration with ROI coordinate transformation and real distance correction"
}