{
  "camera_matrix_1": [
    [
      1800.0,
      0.0,
      720.0
    ],
    [
      0.0,
      1800.0,
      540.0
    ],
    [
      0.0,
      0.0,
      1.0
    ]
  ],
  "distortion_coeffs_1": [
    0.01,
    0.001,
    0.001,
    0.001,
    0.0
  ],
  "camera_matrix_2": [
    [
      1800.0,
      0.0,
      720.0
    ],
    [
      0.0,
      1800.0,
      540.0
    ],
    [
      0.0,
      0.0,
      1.0
    ]
  ],
  "distortion_coeffs_2": [
    0.01,
    0.001,
    0.001,
    0.001,
    0.0
  ],
  "rotation_matrix": [
    [
      1.0,
      0.0,
      0.0
    ],
    [
      0.0,
      1.0,
      0.0
    ],
    [
      0.0,
      0.0,
      1.0
    ]
  ],
  "translation_vector": [
    0.0,
    0.0,
    470.0
  ],
  "rectification_rotation_1": [
    [
      1.0,
      0.0,
      0.0
    ],
    [
      0.0,
      6.123233995736766e-17,
      -1.0
    ],
    [
      0.0,
      1.0,
      6.123233995736766e-17
    ]
  ],
  "rectification_rotation_2": [
    [
      1.0,
      0.0,
      0.0
    ],
    [
      0.0,
      6.123233995736766e-17,
      -1.0
    ],
    [
      0.0,
      1.0,
      6.123233995736766e-17
    ]
  ],
  "projection_matrix_1": [
    [
      1800.0,
      0.0,
      719.5083618164062,
      0.0
    ],
    [
      0.0,
      1800.0,
      553.6214599609375,
      0.0
    ],
    [
      0.0,
      0.0,
      1.0,
      0.0
    ]
  ],
  "projection_matrix_2": [
    [
      1800.0,
      0.0,
      719.5083618164062,
      0.0
    ],
    [
      0.0,
      1800.0,
      553.6214599609375,
      -846000.0
    ],
    [
      0.0,
      0.0,
      1.0,
      0.0
    ]
  ],
  "disparity_to_depth_matrix": [
    [
      1.0,
      0.0,
      0.0,
      -719.5083618164062
    ],
    [
      0.0,
      1.0,
      0.0,
      -553.6214599609375
    ],
    [
      0.0,
      0.0,
      0.0,
      1800.0
    ],
    [
      0.0,
      0.0,
      0.002127659574468085,
      -0.0
    ]
  ],
  "roi_1": [
    0,
    0,
    0,
    0
  ],
  "roi_2": [
    0,
    0,
    0,
    0
  ],
  "baseline_pixels": 470.0,
  "baseline_mm": 470.0,
  "pixel_to_mm_ratio": 1.0,
  "reprojection_error": 0.0,
  "image_size": [
    1440,
    1080
  ],
  "calibration_date": "2025-10-28T14:59:12.607557",
  "calibration_method": "realistic_parameters",
  "notes": "Realistic calibration with proper camera parameters",
  "camera_specifications": {
    "focal_length_x": 1800.0,
    "focal_length_y": 1800.0,
    "principal_point_x": 720.0,
    "principal_point_y": 540.0,
    "distortion_coefficients": [
      0.01,
      0.001,
      0.001,
      0.001,
      0.0
    ],
    "baseline_direction": "Z-axis (vertical)",
    "baseline_distance": 470.0
  }
}