{
  "camera_system": "Calibration_Stereo",
  "fps": 820,
  "baseline_mm": 470.0,
  "coordinate_system": {
    "x_axis": "Target direction (forward)",
    "y_axis": "Side direction (right is positive)",
    "z_axis": "Height direction (up is positive)",
    "baseline_direction": "Z-axis (vertical)"
  },
  "positions_3d": [
    [
      -99.04214559386973,
      538.4291187739464,
      2701.1494252873563
    ],
    [
      -61.99040767386091,
      338.1294964028777,
      1690.6474820143885
    ],
    [
      -492.5342465753424,
      -553.6986301369863,
      4828.767123287671
    ],
    [
      -177.30538922155688,
      651.5269461077844,
      2110.7784431137725
    ],
    [
      -47.0,
      257.2181818181818,
      1281.8181818181818
    ],
    [
      -651.7010309278351,
      -271.340206185567,
      3634.020618556701
    ],
    [
      -135.34031413612564,
      740.6806282722514,
      3691.0994764397906
    ],
    [
      -1030.3846153846152,
      -191.6153846153846,
      5423.076923076923
    ],
    [
      1227.3885350318471,
      -359.2356687898089,
      4490.445859872611
    ],
    [
      735.1282051282052,
      -445.8974358974359,
      4519.2307692307695
    ],
    [
      910.9278350515464,
      -1162.8865979381442,
      7268.041237113402
    ],
    [
      -69.56876456876456,
      253.62470862470863,
      821.6783216783217
    ]
  ],
  "timestamps": [
    0.0012195121951219512,
    0.0036585365853658534,
    0.00853658536585366,
    0.00975609756097561,
    0.01097560975609756,
    0.012195121951219513,
    0.013414634146341463,
    0.014634146341463414,
    0.015853658536585366,
    0.01707317073170732,
    0.018292682926829267,
    0.020731707317073172
  ],
  "frame_numbers": [
    1,
    3,
    7,
    8,
    9,
    10,
    11,
    12,
    13,
    14,
    15,
    17
  ],
  "velocity": [
    61433.184242011004,
    -16701.100819908188,
    -37617.75384292523
  ],
  "speed_mm_s": 73946.32038780917,
  "speed_m_s": 73.94632038780918,
  "launch_angle": 30.57841070465365,
  "direction_angle": -15.208749359725847,
  "comparison_with_real_data": {
    "real_ball_speed_m_s": 60.9,
    "calculated_speed_m_s": 73.94632038780918,
    "speed_ratio": 1.2142252937242888,
    "real_launch_angle_deg": 9.3,
    "calculated_launch_angle_deg": 30.57841070465365
  }
}