{
  "disparity_type": "X",
  "best_coordinate_system": {
    "name": "X=[1, 0, 0], Y=[0, 0, 1], Z=[0, 1, 0]",
    "x_axis": [
      1,
      0,
      0
    ],
    "y_axis": [
      0,
      0,
      1
    ],
    "z_axis": [
      0,
      1,
      0
    ],
    "transform_matrix": [
      [
        1,
        0,
        0
      ],
      [
        0,
        0,
        1
      ],
      [
        0,
        1,
        0
      ]
    ],
    "launch_angle": 5.398966323038746,
    "error": 3.901033676961255,
    "transformed_trajectory": [
      -0.009309787657566996,
      -0.9955201321204578,
      -0.09409035230371537
    ]
  },
  "physics_analysis": {
    "velocity": [
      -82482.7992695801,
      129118.65709890141,
      100613.1971671534
    ],
    "speed_mm_s": 183297.72292793496,
    "speed_m_s": 183.29772292793496,
    "launch_angle": 33.29198382654888,
    "direction_angle": 122.57100789995975,
    "transformed_positions": [
      [
        -123.68421052631578,
        3373.2057416267944,
        672.3923444976077
      ],
      [
        847.3239436619718,
        4964.788732394366,
        -218.4507042253521
      ],
      [
        -58.08988764044944,
        1584.2696629213483,
        316.85393258426967
      ],
      [
        0.0,
        5875.0,
        -321.1666666666667
      ],
      [
        -513.6428571428571,
        5035.714285714285,
        -577.4285714285713
      ],
      [
        -202.8082191780822,
        2414.3835616438355,
        745.2397260273973
      ],
      [
        -230.8035714285714,
        6294.642857142857,
        1263.125
      ],
      [
        -64.46384039900249,
        1758.1047381546134,
        352.79301745635905
      ],
      [
        -1263.6792452830189,
        6650.943396226415,
        -235.0
      ],
      [
        401.7094017094017,
        6025.641025641025,
        -1253.3333333333333
      ],
      [
        -139.78922716627633,
        1651.0538641686182,
        509.6252927400468
      ]
    ]
  },
  "all_coordinate_systems": [
    {
      "name": "X=[1, 0, 0], Y=[0, 0, 1], Z=[0, 1, 0]",
      "launch_angle": 5.398966323038746,
      "error": 3.901033676961255,
      "transformed_trajectory": [
        -0.009309787657566996,
        -0.9955201321204578,
        -0.09409035230371537
      ]
    },
    {
      "name": "X=[1, 0, 0], Y=[0, 0, 1], Z=[0, -1, 0]",
      "launch_angle": 5.398966323038746,
      "error": 3.901033676961255,
      "transformed_trajectory": [
        -0.009309787657566996,
        -0.9955201321204578,
        0.09409035230371537
      ]
    },
    {
      "name": "X=[1, 0, 0], Y=[0, 0, -1], Z=[0, 1, 0]",
      "launch_angle": 5.398966323038746,
      "error": 3.901033676961255,
      "transformed_trajectory": [
        -0.009309787657566996,
        0.9955201321204578,
        -0.09409035230371537
      ]
    },
    {
      "name": "X=[1, 0, 0], Y=[0, 0, -1], Z=[0, -1, 0]",
      "launch_angle": 5.398966323038746,
      "error": 3.901033676961255,
      "transformed_trajectory": [
        -0.009309787657566996,
        0.9955201321204578,
        0.09409035230371537
      ]
    },
    {
      "name": "X=[-1, 0, 0], Y=[0, 0, 1], Z=[0, 1, 0]",
      "launch_angle": 5.398966323038746,
      "error": 3.901033676961255,
      "transformed_trajectory": [
        0.009309787657566996,
        -0.9955201321204578,
        -0.09409035230371537
      ]
    },
    {
      "name": "X=[-1, 0, 0], Y=[0, 0, 1], Z=[0, -1, 0]",
      "launch_angle": 5.398966323038746,
      "error": 3.901033676961255,
      "transformed_trajectory": [
        0.009309787657566996,
        -0.9955201321204578,
        0.09409035230371537
      ]
    },
    {
      "name": "X=[-1, 0, 0], Y=[0, 0, -1], Z=[0, 1, 0]",
      "launch_angle": 5.398966323038746,
      "error": 3.901033676961255,
      "transformed_trajectory": [
        0.009309787657566996,
        0.9955201321204578,
        -0.09409035230371537
      ]
    },
    {
      "name": "X=[-1, 0, 0], Y=[0, 0, -1], Z=[0, -1, 0]",
      "launch_angle": 5.398966323038746,
      "error": 3.901033676961255,
      "transformed_trajectory": [
        0.009309787657566996,
        0.9955201321204578,
        0.09409035230371537
      ]
    },
    {
      "name": "X=[0, 0, 1], Y=[1, 0, 0], Z=[0, 1, 0]",
      "launch_angle": 5.398966323038746,
      "error": 3.901033676961255,
      "transformed_trajectory": [
        -0.9955201321204578,
        -0.009309787657566996,
        -0.09409035230371537
      ]
    },
    {
      "name": "X=[0, 0, 1], Y=[1, 0, 0], Z=[0, -1, 0]",
      "launch_angle": 5.398966323038746,
      "error": 3.901033676961255,
      "transformed_trajectory": [
        -0.9955201321204578,
        -0.009309787657566996,
        0.09409035230371537
      ]
    }
  ],
  "positions_3d": [
    [
      -123.68421052631578,
      672.3923444976077,
      3373.2057416267944
    ],
    [
      847.3239436619718,
      -218.4507042253521,
      4964.788732394366
    ],
    [
      -58.08988764044944,
      316.85393258426967,
      1584.2696629213483
    ],
    [
      0.0,
      -321.1666666666667,
      5875.0
    ],
    [
      -513.6428571428571,
      -577.4285714285713,
      5035.714285714285
    ],
    [
      -202.8082191780822,
      745.2397260273973,
      2414.3835616438355
    ],
    [
      -230.8035714285714,
      1263.125,
      6294.642857142857
    ],
    [
      -64.46384039900249,
      352.79301745635905,
      1758.1047381546134
    ],
    [
      -1263.6792452830189,
      -235.0,
      6650.943396226415
    ],
    [
      401.7094017094017,
      -1253.3333333333333,
      6025.641025641025
    ],
    [
      -139.78922716627633,
      509.6252927400468,
      1651.0538641686182
    ]
  ],
  "frame_numbers": [
    1,
    2,
    3,
    4,
    7,
    8,
    9,
    11,
    12,
    16,
    17
  ]
}