{
  "disparity_type": "Y",
  "best_coordinate_system": {
    "name": "X=[1, 0, 0], Y=[0, 0, 1], Z=[0, 1, 0]",
    "x_axis": [
      1,
      0,
      0
    ],
    "y_axis": [
      0,
      0,
      1
    ],
    "z_axis": [
      0,
      1,
      0
    ],
    "transform_matrix": [
      [
        1,
        0,
        0
      ],
      [
        0,
        0,
        1
      ],
      [
        0,
        1,
        0
      ]
    ],
    "launch_angle": 8.615679428854028,
    "error": 0.6843205711459728,
    "transformed_trajectory": [
      0.0155028741174037,
      -0.9885938739681784,
      -0.1498059185969936
    ]
  },
  "physics_analysis": {
    "velocity": [
      61433.184242011004,
      -37617.75384292523,
      -16701.100819908188
    ],
    "speed_mm_s": 73946.32038780917,
    "speed_m_s": 73.94632038780918,
    "launch_angle": 13.053124234244521,
    "direction_angle": -31.48063821681656,
    "transformed_positions": [
      [
        -99.04214559386973,
        2701.1494252873563,
        538.4291187739464
      ],
      [
        -61.99040767386091,
        1690.6474820143885,
        338.1294964028777
      ],
      [
        -492.5342465753424,
        4828.767123287671,
        -553.6986301369863
      ],
      [
        -177.30538922155688,
        2110.7784431137725,
        651.5269461077844
      ],
      [
        -47.0,
        1281.8181818181818,
        257.2181818181818
      ],
      [
        -651.7010309278351,
        3634.020618556701,
        -271.340206185567
      ],
      [
        -135.34031413612564,
        3691.0994764397906,
        740.6806282722514
      ],
      [
        -1030.3846153846152,
        5423.076923076923,
        -191.6153846153846
      ],
      [
        1227.3885350318471,
        4490.445859872611,
        -359.2356687898089
      ],
      [
        735.1282051282052,
        4519.2307692307695,
        -445.8974358974359
      ],
      [
        910.9278350515464,
        7268.041237113402,
        -1162.8865979381442
      ],
      [
        -69.56876456876456,
        821.6783216783217,
        253.62470862470863
      ]
    ]
  },
  "all_coordinate_systems": [
    {
      "name": "X=[1, 0, 0], Y=[0, 0, 1], Z=[0, 1, 0]",
      "launch_angle": 8.615679428854028,
      "error": 0.6843205711459728,
      "transformed_trajectory": [
        0.0155028741174037,
        -0.9885938739681784,
        -0.1498059185969936
      ]
    },
    {
      "name": "X=[1, 0, 0], Y=[0, 0, 1], Z=[0, -1, 0]",
      "launch_angle": 8.615679428854028,
      "error": 0.6843205711459728,
      "transformed_trajectory": [
        0.0155028741174037,
        -0.9885938739681784,
        0.1498059185969936
      ]
    },
    {
      "name": "X=[1, 0, 0], Y=[0, 0, -1], Z=[0, 1, 0]",
      "launch_angle": 8.615679428854028,
      "error": 0.6843205711459728,
      "transformed_trajectory": [
        0.0155028741174037,
        0.9885938739681784,
        -0.1498059185969936
      ]
    },
    {
      "name": "X=[1, 0, 0], Y=[0, 0, -1], Z=[0, -1, 0]",
      "launch_angle": 8.615679428854028,
      "error": 0.6843205711459728,
      "transformed_trajectory": [
        0.0155028741174037,
        0.9885938739681784,
        0.1498059185969936
      ]
    },
    {
      "name": "X=[-1, 0, 0], Y=[0, 0, 1], Z=[0, 1, 0]",
      "launch_angle": 8.615679428854028,
      "error": 0.6843205711459728,
      "transformed_trajectory": [
        -0.0155028741174037,
        -0.9885938739681784,
        -0.1498059185969936
      ]
    },
    {
      "name": "X=[-1, 0, 0], Y=[0, 0, 1], Z=[0, -1, 0]",
      "launch_angle": 8.615679428854028,
      "error": 0.6843205711459728,
      "transformed_trajectory": [
        -0.0155028741174037,
        -0.9885938739681784,
        0.1498059185969936
      ]
    },
    {
      "name": "X=[-1, 0, 0], Y=[0, 0, -1], Z=[0, 1, 0]",
      "launch_angle": 8.615679428854028,
      "error": 0.6843205711459728,
      "transformed_trajectory": [
        -0.0155028741174037,
        0.9885938739681784,
        -0.1498059185969936
      ]
    },
    {
      "name": "X=[-1, 0, 0], Y=[0, 0, -1], Z=[0, -1, 0]",
      "launch_angle": 8.615679428854028,
      "error": 0.6843205711459728,
      "transformed_trajectory": [
        -0.0155028741174037,
        0.9885938739681784,
        0.1498059185969936
      ]
    },
    {
      "name": "X=[0, 0, 1], Y=[1, 0, 0], Z=[0, 1, 0]",
      "launch_angle": 8.615679428854028,
      "error": 0.6843205711459728,
      "transformed_trajectory": [
        -0.9885938739681784,
        0.0155028741174037,
        -0.1498059185969936
      ]
    },
    {
      "name": "X=[0, 0, 1], Y=[1, 0, 0], Z=[0, -1, 0]",
      "launch_angle": 8.615679428854028,
      "error": 0.6843205711459728,
      "transformed_trajectory": [
        -0.9885938739681784,
        0.0155028741174037,
        0.1498059185969936
      ]
    }
  ],
  "positions_3d": [
    [
      -99.04214559386973,
      538.4291187739464,
      2701.1494252873563
    ],
    [
      -61.99040767386091,
      338.1294964028777,
      1690.6474820143885
    ],
    [
      -492.5342465753424,
      -553.6986301369863,
      4828.767123287671
    ],
    [
      -177.30538922155688,
      651.5269461077844,
      2110.7784431137725
    ],
    [
      -47.0,
      257.2181818181818,
      1281.8181818181818
    ],
    [
      -651.7010309278351,
      -271.340206185567,
      3634.020618556701
    ],
    [
      -135.34031413612564,
      740.6806282722514,
      3691.0994764397906
    ],
    [
      -1030.3846153846152,
      -191.6153846153846,
      5423.076923076923
    ],
    [
      1227.3885350318471,
      -359.2356687898089,
      4490.445859872611
    ],
    [
      735.1282051282052,
      -445.8974358974359,
      4519.2307692307695
    ],
    [
      910.9278350515464,
      -1162.8865979381442,
      7268.041237113402
    ],
    [
      -69.56876456876456,
      253.62470862470863,
      821.6783216783217
    ]
  ],
  "frame_numbers": [
    1,
    3,
    7,
    8,
    9,
    10,
    11,
    12,
    13,
    14,
    15,
    17
  ]
}