{
  "camera": "Cam1",
  "positions_2d": [
    [
      754,
      153
    ],
    [
      766,
      152
    ],
    [
      847,
      138
    ],
    [
      1096,
      102
    ],
    [
      753,
      153
    ],
    [
      754,
      154
    ],
    [
      754,
      154
    ],
    [
      754,
      154
    ],
    [
      752,
      153
    ],
    [
      753,
      154
    ],
    [
      754,
      154
    ],
    [
      753,
      153
    ]
  ],
  "positions_3d": [
    [
      28.333333333333332,
      -322.5,
      1000.0
    ],
    [
      38.333333333333336,
      -323.3333333333333,
      1000.0
    ],
    [
      105.83333333333333,
      -335.0,
      1000.0
    ],
    [
      313.3333333333333,
      -365.0,
      1000.0
    ],
    [
      27.5,
      -322.5,
      1000.0
    ],
    [
      28.333333333333332,
      -321.6666666666667,
      1000.0
    ],
    [
      28.333333333333332,
      -321.6666666666667,
      1000.0
    ],
    [
      28.333333333333332,
      -321.6666666666667,
      1000.0
    ],
    [
      26.666666666666668,
      -322.5,
      1000.0
    ],
    [
      27.5,
      -321.6666666666667,
      1000.0
    ],
    [
      28.333333333333332,
      -321.6666666666667,
      1000.0
    ],
    [
      27.5,
      -322.5,
      1000.0
    ]
  ],
  "timestamps": [
    0.033,
    0.33,
    0.363,
    0.462,
    0.066,
    0.099,
    0.132,
    0.165,
    0.198,
    0.231,
    0.264,
    0.29700000000000004
  ],
  "frame_numbers": [
    1,
    10,
    11,
    14,
    2,
    3,
    4,
    5,
    6,
    7,
    8,
    9
  ],
  "velocity": [
    417.50841750841766,
    -65.93714927048266,
    0.0
  ],
  "speed": 422.6830802673572,
  "launch_angle": 0.0,
  "direction_angle": -8.974603899621883
}