{
  "camera": "Cam2",
  "positions_2d": [
    [
      778,
      168
    ],
    [
      800,
      146
    ],
    [
      950,
      134
    ],
    [
      1114,
      103
    ],
    [
      1260,
      86
    ],
    [
      969,
      3
    ],
    [
      774,
      166
    ],
    [
      786,
      150
    ],
    [
      780,
      150
    ],
    [
      770,
      166
    ],
    [
      782,
      156
    ],
    [
      768,
      154
    ],
    [
      770,
      156
    ],
    [
      768,
      160
    ]
  ],
  "positions_3d": [
    [
      48.333333333333336,
      -310.0,
      1000.0
    ],
    [
      66.66666666666667,
      -328.3333333333333,
      1000.0
    ],
    [
      191.66666666666666,
      -338.3333333333333,
      1000.0
    ],
    [
      328.3333333333333,
      -364.1666666666667,
      1000.0
    ],
    [
      450.0,
      -378.3333333333333,
      1000.0
    ],
    [
      207.5,
      -447.5,
      1000.0
    ],
    [
      45.0,
      -311.6666666666667,
      1000.0
    ],
    [
      55.0,
      -325.0,
      1000.0
    ],
    [
      50.0,
      -325.0,
      1000.0
    ],
    [
      41.666666666666664,
      -311.6666666666667,
      1000.0
    ],
    [
      51.666666666666664,
      -320.0,
      1000.0
    ],
    [
      40.0,
      -321.6666666666667,
      1000.0
    ],
    [
      41.666666666666664,
      -320.0,
      1000.0
    ],
    [
      40.0,
      -316.6666666666667,
      1000.0
    ]
  ],
  "timestamps": [
    0.033,
    0.33,
    0.363,
    0.396,
    0.42900000000000005,
    0.462,
    0.066,
    0.099,
    0.132,
    0.165,
    0.198,
    0.231,
    0.264,
    0.29700000000000004
  ],
  "frame_numbers": [
    1,
    10,
    11,
    12,
    13,
    14,
    2,
    3,
    4,
    5,
    6,
    7,
    8,
    9
  ],
  "velocity": [
    348.1575009352778,
    -318.69622147399934,
    0.0
  ],
  "speed": 471.9967447337984,
  "launch_angle": 0.0,
  "direction_angle": -42.470344746556044
}