{
  "camera_system": "Stereo",
  "fps": 820,
  "baseline_mm": 470.0,
  "positions_3d": [
    [
      523.5964912280702,
      -1657.3684210526317,
      4947.368421052632
    ],
    [
      525.5913978494624,
      -1046.1290322580646,
      3032.2580645161293
    ],
    [
      536.6141732283464,
      -795.6692913385826,
      2220.472440944882
    ]
  ],
  "timestamps": [
    0.013414634146341463,
    0.014634146341463414,
    0.015853658536585366
  ],
  "frame_numbers": [
    11,
    12,
    13
  ],
  "velocity": [
    5337.249620113234,
    353296.6431827601,
    -1118027.3518441776
  ],
  "speed_mm_s": 1172532.3721711987,
  "speed_m_s": 1172.5323721711986,
  "launch_angle": 17.536348600514174,
  "direction_angle": -89.72648293982395
}