{
  "camera": "Cam1",
  "positions_2d": [
    [
      754,
      136
    ],
    [
      753,
      153
    ],
    [
      753,
      153
    ],
    [
      753,
      153
    ],
    [
      776,
      150
    ],
    [
      851,
      138
    ]
  ],
  "positions_3d": [
    [
      28.333333333333332,
      -336.6666666666667,
      1000.0
    ],
    [
      27.5,
      -322.5,
      1000.0
    ],
    [
      27.5,
      -322.5,
      1000.0
    ],
    [
      27.5,
      -322.5,
      1000.0
    ],
    [
      46.666666666666664,
      -325.0,
      1000.0
    ],
    [
      109.16666666666667,
      -335.0,
      1000.0
    ]
  ],
  "timestamps": [
    0.033,
    0.066,
    0.099,
    0.132,
    0.165,
    0.198
  ],
  "frame_numbers": [
    1,
    2,
    3,
    4,
    5,
    6
  ],
  "velocity": [
    489.89898989898995,
    10.101010101010218,
    0.0
  ],
  "speed": 490.0031129585927,
  "launch_angle": 0.0,
  "direction_angle": 1.1811889133266515
}