{
  "camera": "Cam2",
  "positions_2d": [
    [
      788,
      146
    ],
    [
      804,
      150
    ],
    [
      762,
      178
    ],
    [
      786,
      158
    ],
    [
      836,
      136
    ],
    [
      950,
      126
    ],
    [
      1118,
      100
    ],
    [
      1236,
      88
    ],
    [
      1372,
      72
    ]
  ],
  "positions_3d": [
    [
      56.666666666666664,
      -328.3333333333333,
      1000.0
    ],
    [
      70.0,
      -325.0,
      1000.0
    ],
    [
      35.0,
      -301.6666666666667,
      1000.0
    ],
    [
      55.0,
      -318.3333333333333,
      1000.0
    ],
    [
      96.66666666666667,
      -336.6666666666667,
      1000.0
    ],
    [
      191.66666666666666,
      -345.0,
      1000.0
    ],
    [
      331.6666666666667,
      -366.6666666666667,
      1000.0
    ],
    [
      430.0,
      -376.6666666666667,
      1000.0
    ],
    [
      543.3333333333334,
      -390.0,
      1000.0
    ]
  ],
  "timestamps": [
    0.033,
    0.066,
    0.099,
    0.132,
    0.165,
    0.198,
    0.231,
    0.264,
    0.29700000000000004
  ],
  "frame_numbers": [
    1,
    2,
    3,
    4,
    5,
    6,
    7,
    8,
    9
  ],
  "velocity": [
    1843.4343434343432,
    -233.5858585858586,
    0.0
  ],
  "speed": 1858.174515992645,
  "launch_angle": 0.0,
  "direction_angle": -7.221595742492048
}