{
  "camera_matrix_1": [
    [
      1440.0,
      0.0,
      720.0
    ],
    [
      0.0,
      400.0,
      41.66666666666667
    ],
    [
      0.0,
      0.0,
      1.0
    ]
  ],
  "distortion_coeffs_1": [
    0.0,
    0.0,
    0.0,
    0.0,
    0.0
  ],
  "camera_matrix_2": [
    [
      1440.0,
      0.0,
      720.0
    ],
    [
      0.0,
      400.0,
      41.66666666666667
    ],
    [
      0.0,
      0.0,
      1.0
    ]
  ],
  "distortion_coeffs_2": [
    0.0,
    0.0,
    0.0,
    0.0,
    0.0
  ],
  "rotation_matrix": [
    [
      1.0,
      0.0,
      0.0
    ],
    [
      0.0,
      1.0,
      0.0
    ],
    [
      0.0,
      0.0,
      1.0
    ]
  ],
  "translation_vector": [
    247.0,
    400.0,
    0.0
  ],
  "essential_matrix": [
    [
      0.0,
      0.0,
      400.0
    ],
    [
      0.0,
      0.0,
      -247.0
    ],
    [
      -400.0,
      247.0,
      0.0
    ]
  ],
  "fundamental_matrix": [
    [
      0.0,
      0.0,
      0.27777778450399637
    ],
    [
      0.0,
      0.0,
      -0.17152778193121776
    ],
    [
      -0.27777778450399637,
      0.17152778193121776,
      0.0
    ]
  ],
  "baseline": 470.0,
  "calculated_baseline": 470.1159362792969,
  "baseline_error": 0.0,
  "baseline_error_percent": 0.0,
  "focal_length": 400.0,
  "image_size": [
    1440,
    300
  ],
  "calibration_method": "manual_mathematical",
  "calibration_date": "2025-10-29",
  "notes": "표준 캘리브레이션 파일 - 470.0mm 베이스라인, Y축 스케일링 적용 (scale_factor_y=0.2778)",
  "scaling_applied": true,
  "scale_factor_y": 0.2777777777777778,
  "default_calibration": true,
  "recommended_usage": "모든 골프 스윙 분석에 사용할 표준 캘리브레이션 파일입니다."
}
