{
  "camera": "Cam1",
  "positions_2d": [
    [
      753,
      155
    ],
    [
      753,
      153
    ],
    [
      752,
      154
    ],
    [
      810,
      147
    ],
    [
      891,
      135
    ],
    [
      972,
      118
    ]
  ],
  "positions_3d": [
    [
      27.5,
      -320.8333333333333,
      1000.0
    ],
    [
      27.5,
      -322.5,
      1000.0
    ],
    [
      26.666666666666668,
      -321.6666666666667,
      1000.0
    ],
    [
      75.0,
      -327.5,
      1000.0
    ],
    [
      142.5,
      -337.5,
      1000.0
    ],
    [
      210.0,
      -351.6666666666667,
      1000.0
    ]
  ],
  "timestamps": [
    0.033,
    0.066,
    0.099,
    0.132,
    0.165,
    0.198
  ],
  "frame_numbers": [
    1,
    2,
    3,
    4,
    5,
    6
  ],
  "velocity": [
    1106.060606060606,
    -186.8686868686871,
    0.0
  ],
  "speed": 1121.735249696283,
  "launch_angle": 0.0,
  "direction_angle": -9.589551709148257
}