{
  "camera": "Cam2",
  "positions_2d": [
    [
      772,
      156
    ],
    [
      786,
      144
    ],
    [
      772,
      152
    ],
    [
      884,
      128
    ],
    [
      1042,
      110
    ],
    [
      1216,
      110
    ],
    [
      956,
      3
    ]
  ],
  "positions_3d": [
    [
      43.333333333333336,
      -320.0,
      1000.0
    ],
    [
      55.0,
      -330.0,
      1000.0
    ],
    [
      43.333333333333336,
      -323.3333333333333,
      1000.0
    ],
    [
      136.66666666666666,
      -343.3333333333333,
      1000.0
    ],
    [
      268.3333333333333,
      -358.3333333333333,
      1000.0
    ],
    [
      413.3333333333333,
      -358.3333333333333,
      1000.0
    ],
    [
      196.66666666666666,
      -447.5,
      1000.0
    ]
  ],
  "timestamps": [
    0.033,
    0.066,
    0.099,
    0.132,
    0.165,
    0.198,
    0.231
  ],
  "frame_numbers": [
    1,
    2,
    3,
    4,
    5,
    6,
    7
  ],
  "velocity": [
    774.4107744107745,
    -643.9393939393939,
    0.0
  ],
  "speed": 1007.1593670271499,
  "launch_angle": 0.0,
  "direction_angle": -39.74425942009462
}