{
  "camera_system": "Stereo",
  "fps": 820,
  "baseline_mm": 470.0,
  "positions_3d": [
    [
      521.8831168831169,
      -1236.0389610389611,
      3662.3376623376626
    ],
    [
      519.0434782608696,
      -850.0869565217392,
      2452.1739130434785
    ],
    [
      542.0666666666667,
      -673.6666666666666,
      1880.0
    ]
  ],
  "timestamps": [
    0.006097560975609756,
    0.007317073170731707,
    0.00853658536585366
  ],
  "frame_numbers": [
    5,
    6,
    7
  ],
  "velocity": [
    8275.25541125541,
    230572.64069264074,
    -730758.4415584416
  ],
  "speed_mm_s": 766315.941630488,
  "speed_m_s": 766.315941630488,
  "launch_angle": 17.510740038136593,
  "direction_angle": -89.35119881391776
}